h,eL2,eH1
0.1,0.00255359,0.0468184
0.05,0.000542865,0.032498
0.025,0.000109308,0.0151601
0.0125,2.62488e-05,0.00728636
