h,eL2,eH1
0.1,0.993861,4.53935
0.05,0.998438,4.55026
0.025,0.999608,4.55308
0.0125,0.999902,4.55379
