h,eL2,eH1
0.1,0.687075,4.15863
0.05,0.687665,4.18955
0.025,0.687703,4.19412
0.0125,0.687707,4.19462
