h,eL2,eH1
0.1,0.114402,3.09673
0.05,0.0330596,1.61406
0.025,0.0101345,0.816201
0.0125,0.00433266,0.410341
